#Name	Forward	Reverse
AMPL7152996421	CAAAGAATGGTCCTGCACCAGTA	AAGGCCTGCTGAAAATGACTGAATATA
AMPL7153009831	TCTTGTCCAGCTGTATCCAGTATGT	GATGCTTATTTAACCTTGGCAATAGCATT
AMPL7153010051	TCTGGCCACCATGCGAAGC	GGCATGAGCTGCGTGATGA
AMPL7153012843	TCTGAGAACAGGAAGTTGGTAGCT	CAGCAAGTTTACAATGTTCAAATGTGG
AMPL7153012944	GGGTGATGCTATTCAGCTACAGA	TAGTTCGAATCATGCATGATGTCTCTG
AMPL7153027696	CCTCAAAAACAAAGAAACATGGGATGA	CATTGATCCTTCCAAACCCTCTGT
AMPL7153027722	AGGGACCAAGTCAAGAGCTCT	CTGGCGTCTGTCTTCTCTCTC
AMPL7153032908	CCTACTATGATGATCAACTCATTAGCTGTG	CTCACCACACAGTCAGGACACT
AMPL7153048367	CTCTGACATATGGCCATTTCTGTTTTC	AAGCAGTGCCAAAAATAATCATCTCAC
AMPL7153048663	ATTTTACAGAGTAACAGACTAGCTAGAGACA	AGAAACAGAGAATCTCCATTTTAGCACTTAC
AMPL7153049770	GGGTGTCTCTCTGTGGCTTTAC	CTCTGTAGGCTGCAGTTCTCAG
AMPL7153049968	GGTTGTAGTCGGTCATGATGGT	TGGCCTGTGTAGTGCTTCAAG
AMPL7153078551	TGAGACCTTCAATGACTTTCTAGTAACTCA	GCTACAGTGAAATCTCGATGGAGT
AMPL7153129797	GACTGTTTTACAATGCCATCTTATTCCA	CATTTGACTTTACCTTATCAATGTCTCGAA
AMPL7153134111	GAGTTCTATAGATTCTAGTGCATTCAAGCA	GATATGGTAGACAGAGCCTAAACATCC
AMPL7153151549	GGGACAACCATACATCTAATTCCTTAAAGT	AGGCATTCTAAAGTCACTATCATTCCATTT
AMPL7153219194	TTGACTCTGTTGTGCTTCTATTACAGG	AAGTTGTCTTTGGCAAGGATCATTTTAC
AMPL7153219320	TGCTTTTCTAACTCTCTTTGACTGCA	GATTGTGGCACAGAGATTCTGATACTT
AMPL7153260129	CACAACAGTAAGTCTTTATAGACGGTTCT	CGGAGGTCACGAGCTCAATTTT
AMPL7153277805	GCTCTGGAGGGAGACCTAGTAT	CCTGTGGCTGTCAGTATTTGGA
AMPL7153297247	CCTCACCTCTATGGTGGGATCA	TGGTTTCCAACAGGTTCTTGCT
AMPL7153375093	GCAGCAAAGACTGGTTCTCACT	CCTCTCTGCTCTGCAGCAAATT
AMPL7153508949	GTGGTCTCCCATACCCTCTCA	GTTTTCCCGGACATGGTCTAAGAG
AMPL7153513318	GCTCCAAAATAATTGAAAGCTACTCCA	GGGCAATGAGCTGTTTAAGGGTAA
AMPL7154137862	CAGTCCATTACTGCAAAATACTGTCC	ACTGGAAAATCGTATTTAACAAAAAGCTGA
AMPL7154368585	GTTATGATTTTGCAGAAAACAGATCTGT	AACAGTAGACACAAAACAGGCTCA
AMPL7154368588	TGTCAGCTTATTATATTCAATTTAAACCCACCT	CTCGACACAGCAGGTCAAGAGG
AMPL7154370549	CGACAGCATGCCAATCTCTTCA	CCATGATGTGCATCATTCATTTGTTTCAT
AMPL7154370553	GCCAGGAACGTACTGGTGAAAA	GAAAATGCTGGCTGACCTAAAGC
AMPL7154370554	GGACTATGTCCGGGAACACAAA	TGAGGATCCTGGCTCCTTATCTC
AMPL7154370555	CTGGTAACATCCACCCAGATCA	TTGCTTCTCTTAATTCCTTGATAGCGA
AMPL7154370557	GGTGACCCTTGTCTCTGTGTTC	GAGCCCAGCACTTTGATCTTTTT
AMPL7154371908	TCACATCTCTACCAGAGTTAATCAACTGA	GGAAACAAGTGTGATTTGCCAACA
AMPL7154371920	TAAAAAGCTCTATCTTCCCTAGTGTGGTA	GCTTCCTCTGTGTATTTGCCATCAA
AMPL7154392280	CCTATTATGACTTGTCACAATGTCACCA	TCGAGTGATGATTGGGAGATTCCT
AMPL7154409839	TGAGGCTACATTAATAACCATAAAGCATGA	CCCTTTCTGCTTCTTGAGTAACACTTAC
AMPL7154410022	CCTCGTGCTCCTGTTTACCTTG	TGCTCATGTAGAATGACATTCTGGATG
AMPL7154410024	TTTTCCTTGGTGCCACTAACTACATT	AGAGCCATGTTGATGTTATCTTTCCAA
AMPL7154410027	TGGGAGCCAAAGTCCTTTCATC	CCGTCAAAAACATAAAACCATCTTTCGTT
AMPL7154410029	CCCATTAAGTATGTCCATGCCTTTG	CACTCCAGAGGCATTTCCATGT
AMPL7154410030	AATATACTTCAGGCTGCGTATGTCAG	ACACATGGCAGATCGATCCATT
AMPL7154410032	AACAATGTGAGATGTCTCCAGCAT	CCCTGGATATTCTTTTTGAGACTGATACTT
AMPL7154410058	TTCCATTATAAAAGCTCTTCCTGTTTCAGT	CTGTCAGAGGATACTGCACTTGTC
AMPL7154410061	TCTGTTTTAAGATCTGGGCAGTGAAT	CGGTAGTCTACAGATTCATTTGAAACCATT
AMPL7154410070	CACCTTTGATATAACTGTTTACTTGTTGCA	GCAGGCATTTCTGTAAAAGTAAAGAACG
AMPL7154411990	TCACTGTTCCATAATGAAGTTAATGTCTCC	TTCCCAGGAGCGAGAGGACATT
AMPL7154412272	ATGTTACTTTTAAAATGAAAAACCTTACAGGAA	AGAATAAAGGCTTTCTTTAGCCATCAACA
AMPL7154414557	ACTCTACTGTGTCCAGTCACTGT	ATCGGGTCCACATAAATATATTCATGTCC
AMPL7154414603	TACAGTGGAAGGTTGTTGAGGAGATA	CCCAAAAAGGTGACATGGAAAGC
AMPL7154414630	TTGACAGAACGGGAAGCCCTCAT	AGACAATAAAAGGCAGCTTGGACA
AMPL7154513128	TCTGCGGTGCTGTGATAACATT	CCTCCATCAGTGACCTGAAGGA
AMPL7154565882	GATTTTGGTCTTGCCAGAGACATG	AGAGGAGAAACTCAGAGATAACCAATACAT
AMPL7154565895	GCAGGGATACCTGGAGGATGAT	TCCAGATCCTAGTTTGGTTTTCCTCT
AMPL7154786586	GGAAGCTGATGGTAGGAACTGTAAAATT	CTAATTTTGATCACTGTTTGCATTAGCAGT
AMPL7154820490	AGGGAGGAAAAATAACTACAAAGGTTAGG	AGGAGAATCAGGAAATAGTCACTTCCT
AMPL7152996422	GCTGTATCGTCAAGGCACTCTTG	AGGTACTGGTGGAGTATTTGATAGTGTATT
AMPL7153002469	CATACTTACCATGCCACTTTCCCTT	CTTTTTCTGTTTGGCTTGACTTGACTT
AMPL7153009798	CAGTTCGTGGGCTTGTTTTGTA	CCAGCCTAATCTTGTTTTTCTTATGTTCTG
AMPL7153027733	GCCAAATTTATCCCAGGGAAGGAA	CTCAAAGCACCAGGCATTTGAC
AMPL7153032956	CAAGCTCTCTTGAGGATCTTGAAGG	GGAAATATACAGCTTGCAAGGACTCT
AMPL7153033031	CATAATTAAATGTTACGCAGTGCTAACCA	GCAAACCACAAAAGTATACTCCATGGT
AMPL7153033071	GGTCACATCTCTCACCTCATCTG	GCAGTATTCGGGTTGTAGGAGT
AMPL7153049880	CTTTGACTCACCGGTGGATGAA	GATTTCCCTCCTCTCACTGACAAG
AMPL7153074669	GGTTTTCTTTTCTCCTCCAACCTAATAGT	GTCAAGCAGAGAATGGGTACTCA
AMPL7153143457	GTCTTTCAGTTTTCTCTTCATTTCTGACAA	ACTTTGCTAGTGCCTCTTTACACTC
AMPL7153206989	GGTAACCATTTATTTGTTCTCTCTCCAGA	GGAAGTTGTGTTGGGTCTATGTAAACATAA
AMPL7153260169	CCCTTACTGCTGTAGGAAGCT	AGTTCTGTTGTGGCTCGTCTT
AMPL7153301991	CCTTAGATAAAACTGAGCAAGAGGCTT	AGAGTGAGCTTTCATTTTCTCAGTTATCTT
AMPL7153915955	GAAGCCTACGTGATGGCCA	CAGTTGAGCAGGTACTGGGAG
AMPL7154338355	AATCAGGTTCTGTTCCATAAACTCTGG	GGCTCCTATTTGTCTAGCAAGCT
AMPL7154338365	CAGGGCTTTTGTTTTCTTCCCTTT	CACATCGTTGTAAGCCTTACATTCAA
AMPL7154368586	TTTGCTGATGTTTCAATAAAAGGAATTCCA	AGTTAAGGACTCTGAAGATGTACCTATGG
AMPL7154370552	CCTGAATTCGGATGCAGAGCTT	CAGCCCAAAATCTGTGATCTTGAC
AMPL7154370556	TGGATCCCAGAAGGTGAGAAAGT	CTGCCAGACATGAGAAAAGGTG
AMPL7154371913	TACAGAATATGGGTAAAGATGATCCGACA	AATCCAGCTAATCCAGAACCACTTT
AMPL7154371921	ACCTGTAGAGGTTAATATCCGCAAATG	CAGAAAACAAGTGGTTATAGATGGTGAAAC
AMPL7154377318	GCTGGTGACACAGCTTATGC	CTCCGGAGAGACCTGCAAAGAG
AMPL7154377615	AAAATGGATCCAGACAACTGTTCAAAC	GCTCTGATAGGAAAATGAGATCTACTGTTT
AMPL7154392295	ACATTTGAGCAAAGACCTGAAGGTATT	TTCCAGAGCCAAGCATCATTGA
AMPL7154409838	CCCAAGAATCCTAGTAGAATGTTTACTACC	AAGAAGATTCATCTTGAAGAAGTTGATGGA
AMPL7154409841	TGAAACAAGACGACTTTGTGACCTT	AGAAATATTTTAGAAAGGGACAACAGTTAAGCT
AMPL7154409846	CAGAATAAAAATTCTTTGTGCAACCTACGT	TCTGAAAACATACTACAGGTCAACAGATTA
AMPL7154410023	ATATGAAGTATCAGCTTCCCAACTTCAC	CAACCTTCTGAAGGTCTTCCTCA
AMPL7154410025	CTGCAGCAGCAAAGCCAATTTA	ACTGTATGTCAGCAGTATGATTGTGG
AMPL7154410026	CGGAGGTTCACTGCATATTCTCC	GTATTGCCTACAAAGAAGTTGATGAACC
AMPL7154410028	CATCCATTGCATTCGATATCAGTGAGA	CCCTTTGGACCGTCAAGAAGTAAATAAA
AMPL7154410031	GTTCGCACAAAGCAAGCCAGAT	TACCCTATTAAAGCAGTGCTCATGATTG
AMPL7154410056	CAGCCACGGGTAATAATTTTTGTCC	GCACCTGTTTTGTTGTGTACACTATAGTAT
AMPL7154410059	ACAGATCAGTTTCCTAATTCATCTCAGAA	CCAGCTCTGGATTTAGAGCACT
AMPL7154410060	CGATTCTTGTGTGCTGTCTTATATGTAGT	AATGAGGAGTGTGTACTCTTGCATC
AMPL7154410062	TGTAAGTGCCCGAAGTGTAAGC	ACAACCCACTGAGGTATATGTATAGGTATT
AMPL7154412255	TCCTCATGTACTGGTCCCTCAT	CAGACTGTGTTTCTCCCTTCTCA
AMPL7154412273	GAAGCTGTATAATGCTTGGGAGGAT	GTTTCTCCATTCATATATGGTGTAGCTGT
AMPL7154414525	GCTCTCATGTCTGAACTGAAGATAATGA	CATGTGTCCAGTGAAAATCCTCACT
AMPL7154414558	CGCTGGAGGGTCATTGAATCAA	GAAAAGGGAGTCTTGGGAGGTTAC
AMPL7154414582	CACAAGGAAAAATTGTGAAGATCTGTGAC	CTGACTTTAGAGATTAAAGTGAAGGAGGAT
AMPL7154414628	CGCTGTAAAGATGCTCAAGCGTA	GTGATTACCAAGGTAACTCAGGACTT
AMPL7154513119	CCCAATGCAGCGAACAATGTTC	GCTGAAAATGTAACTTTGTATCCTGTTCCT
AMPL7154513129	TCACCGAATGAGGGTGATGTTTT	CCCTGAGTACAAGCTGAGCAA
AMPL7154565885	GACCGAGGGAATCATCATGAAAGATT	AGTTAGTAAGCTTGGCAGTCAACTTAC
AMPL7154565891	GCTCAAGAGTGAGCCACTTCTT	CTCCTCTTGTCTTCTCCTTTGCA
AMPL7154565894	GGGTGAGGCAGTCTTTACTCAC	TAGGAAATGCATTTCCTTTCTTCCCA
AMPL7154786588	CTCTTTACTAATTTTGACCATTGTTTGCGT	AGCTGGTGGTAGGAACTGTAAAATC
AMPL7154820487	TAAGGAAGCTGTGTTCCTTTCTCCTA	GCTAATGTGCGTTTCTCCACACT
